date,value,change,actual,previous_original,previous_revised,revision,indicator,surprise,total_score,zscore_5y
1990-01-01,109196,,,,,,nfp,,0.0,
1990-02-01,109436,240.0,240.0,,,,nfp,,0.0,
1990-03-01,109640,204.0,204.0,240.0,240.0,0.0,nfp,,0.0,
1990-04-01,109674,34.0,34.0,204.0,204.0,0.0,nfp,,0.0,
1990-05-01,109828,154.0,154.0,34.0,34.0,0.0,nfp,,0.0,
1990-06-01,109850,22.0,22.0,154.0,154.0,0.0,nfp,,0.0,
1990-07-01,109815,-35.0,-35.0,22.0,22.0,0.0,nfp,,0.0,
1990-08-01,109606,-209.0,-209.0,-35.0,-35.0,0.0,nfp,,0.0,
1990-09-01,109523,-83.0,-83.0,-209.0,-209.0,0.0,nfp,,0.0,
1990-10-01,109377,-146.0,-146.0,-83.0,-83.0,0.0,nfp,,0.0,
1990-11-01,109222,-155.0,-155.0,-146.0,-146.0,0.0,nfp,,0.0,
1990-12-01,109168,-54.0,-54.0,-155.0,-155.0,0.0,nfp,,0.0,
1991-01-01,109058,-110.0,-110.0,-54.0,-54.0,0.0,nfp,,0.0,
1991-02-01,108735,-323.0,-323.0,-110.0,-110.0,0.0,nfp,,0.0,
1991-03-01,108568,-167.0,-167.0,-323.0,-323.0,0.0,nfp,,0.0,
1991-04-01,108350,-218.0,-218.0,-167.0,-167.0,0.0,nfp,,0.0,
1991-05-01,108253,-97.0,-97.0,-218.0,-218.0,0.0,nfp,,0.0,
1991-06-01,108330,77.0,77.0,-97.0,-97.0,0.0,nfp,,0.0,
1991-07-01,108290,-40.0,-40.0,77.0,77.0,0.0,nfp,,0.0,
1991-08-01,108299,9.0,9.0,-40.0,-40.0,0.0,nfp,,0.0,
1991-09-01,108335,36.0,36.0,9.0,9.0,0.0,nfp,,0.0,
1991-10-01,108361,26.0,26.0,36.0,36.0,0.0,nfp,,0.0,
1991-11-01,108300,-61.0,-61.0,26.0,26.0,0.0,nfp,,0.0,
1991-12-01,108330,30.0,30.0,-61.0,-61.0,0.0,nfp,,0.0,
1992-01-01,108365,35.0,35.0,30.0,30.0,0.0,nfp,,0.0,
1992-02-01,108313,-52.0,-52.0,35.0,35.0,0.0,nfp,,0.0,
1992-03-01,108367,54.0,54.0,-52.0,-52.0,0.0,nfp,,0.0,
1992-04-01,108517,150.0,150.0,54.0,54.0,0.0,nfp,,0.0,
1992-05-01,108647,130.0,130.0,150.0,150.0,0.0,nfp,,0.0,
1992-06-01,108707,60.0,60.0,130.0,130.0,0.0,nfp,,0.0,
1992-07-01,108792,85.0,85.0,60.0,60.0,0.0,nfp,,0.0,
1992-08-01,108916,124.0,124.0,85.0,85.0,0.0,nfp,,0.0,
1992-09-01,108952,36.0,36.0,124.0,124.0,0.0,nfp,,0.0,
1992-10-01,109138,186.0,186.0,36.0,36.0,0.0,nfp,,0.0,
1992-11-01,109283,145.0,145.0,186.0,186.0,0.0,nfp,,0.0,
1992-12-01,109502,219.0,219.0,145.0,145.0,0.0,nfp,,0.0,
1993-01-01,109790,288.0,288.0,219.0,219.0,0.0,nfp,,0.0,
1993-02-01,110048,258.0,258.0,288.0,288.0,0.0,nfp,,0.0,
1993-03-01,110004,-44.0,-44.0,258.0,258.0,0.0,nfp,,0.0,
1993-04-01,110300,296.0,296.0,-44.0,-44.0,0.0,nfp,,0.0,
1993-05-01,110571,271.0,271.0,296.0,296.0,0.0,nfp,,0.0,
1993-06-01,110742,171.0,171.0,271.0,271.0,0.0,nfp,,0.0,
1993-07-01,111054,312.0,312.0,171.0,171.0,0.0,nfp,,0.0,
1993-08-01,111200,146.0,146.0,312.0,312.0,0.0,nfp,,0.0,
1993-09-01,111449,249.0,249.0,146.0,146.0,0.0,nfp,,0.0,
1993-10-01,111734,285.0,285.0,249.0,249.0,0.0,nfp,,0.0,
1993-11-01,111988,254.0,254.0,285.0,285.0,0.0,nfp,,0.0,
1993-12-01,112324,336.0,336.0,254.0,254.0,0.0,nfp,,0.0,
1994-01-01,112601,277.0,277.0,336.0,336.0,0.0,nfp,,0.0,
1994-02-01,112782,181.0,181.0,277.0,277.0,0.0,nfp,,0.0,
1994-03-01,113245,463.0,463.0,181.0,181.0,0.0,nfp,,0.0,
1994-04-01,113589,344.0,344.0,463.0,463.0,0.0,nfp,,0.0,
1994-05-01,113922,333.0,333.0,344.0,344.0,0.0,nfp,,0.0,
1994-06-01,114239,317.0,317.0,333.0,333.0,0.0,nfp,,0.0,
1994-07-01,114608,369.0,369.0,317.0,317.0,0.0,nfp,,0.0,
1994-08-01,114903,295.0,295.0,369.0,369.0,0.0,nfp,,0.0,
1994-09-01,115247,344.0,344.0,295.0,295.0,0.0,nfp,,0.0,
1994-10-01,115457,210.0,210.0,344.0,344.0,0.0,nfp,,0.0,
1994-11-01,115868,411.0,411.0,210.0,210.0,0.0,nfp,,0.0,
1994-12-01,116173,305.0,305.0,411.0,411.0,0.0,nfp,,0.0,
1995-01-01,116505,332.0,332.0,305.0,305.0,0.0,nfp,,0.0,
1995-02-01,116694,189.0,189.0,332.0,332.0,0.0,nfp,,0.0,
1995-03-01,116908,214.0,214.0,189.0,189.0,0.0,nfp,,0.0,
1995-04-01,117065,157.0,157.0,214.0,214.0,0.0,nfp,,0.0,
1995-05-01,117047,-18.0,-18.0,157.0,157.0,0.0,nfp,,0.0,
1995-06-01,117291,244.0,244.0,-18.0,-18.0,0.0,nfp,,0.0,
1995-07-01,117382,91.0,91.0,244.0,244.0,0.0,nfp,,0.0,
1995-08-01,117646,264.0,264.0,91.0,91.0,0.0,nfp,,0.0,
1995-09-01,117873,227.0,227.0,264.0,264.0,0.0,nfp,,0.0,
1995-10-01,118026,153.0,153.0,227.0,227.0,0.0,nfp,,0.0,
1995-11-01,118165,139.0,139.0,153.0,153.0,0.0,nfp,,0.0,
1995-12-01,118325,160.0,160.0,139.0,139.0,0.0,nfp,,0.0,
1996-01-01,118317,-8.0,-8.0,160.0,160.0,0.0,nfp,,0.0,
1996-02-01,118737,420.0,420.0,-8.0,-8.0,0.0,nfp,,0.0,
1996-03-01,118992,255.0,255.0,420.0,420.0,0.0,nfp,,0.0,
1996-04-01,119158,166.0,166.0,255.0,255.0,0.0,nfp,,0.0,
1996-05-01,119496,338.0,338.0,166.0,166.0,0.0,nfp,,0.0,
1996-06-01,119770,274.0,274.0,338.0,338.0,0.0,nfp,,0.0,
1996-07-01,120019,249.0,249.0,274.0,274.0,0.0,nfp,,0.0,
1996-08-01,120198,179.0,179.0,249.0,249.0,0.0,nfp,,0.0,
1996-09-01,120400,202.0,202.0,179.0,179.0,0.0,nfp,,0.0,
1996-10-01,120665,265.0,265.0,202.0,202.0,0.0,nfp,,0.0,
1996-11-01,120947,282.0,282.0,265.0,265.0,0.0,nfp,,0.0,
1996-12-01,121143,196.0,196.0,282.0,282.0,0.0,nfp,,0.0,
1997-01-01,121357,214.0,214.0,196.0,196.0,0.0,nfp,,0.0,
1997-02-01,121674,317.0,317.0,214.0,214.0,0.0,nfp,,0.0,
1997-03-01,121991,317.0,317.0,317.0,317.0,0.0,nfp,,0.0,
1997-04-01,122288,297.0,297.0,317.0,317.0,0.0,nfp,,0.0,
1997-05-01,122560,272.0,272.0,297.0,297.0,0.0,nfp,,0.0,
1997-06-01,122816,256.0,256.0,272.0,272.0,0.0,nfp,,0.0,
1997-07-01,123114,298.0,298.0,256.0,256.0,0.0,nfp,,0.0,
1997-08-01,123086,-28.0,-28.0,298.0,298.0,0.0,nfp,,0.0,
1997-09-01,123575,489.0,489.0,-28.0,-28.0,0.0,nfp,,0.0,
1997-10-01,123924,349.0,349.0,489.0,489.0,0.0,nfp,,0.0,
1997-11-01,124226,302.0,302.0,349.0,349.0,0.0,nfp,,0.0,
1997-12-01,124549,323.0,323.0,302.0,302.0,0.0,nfp,,0.0,
1998-01-01,124806,257.0,257.0,323.0,323.0,0.0,nfp,,0.0,
1998-02-01,125017,211.0,211.0,257.0,257.0,0.0,nfp,,0.0,
1998-03-01,125165,148.0,148.0,211.0,211.0,0.0,nfp,,0.0,
1998-04-01,125446,281.0,281.0,148.0,148.0,0.0,nfp,,0.0,
1998-05-01,125846,400.0,400.0,281.0,281.0,0.0,nfp,,0.0,
1998-06-01,126076,230.0,230.0,400.0,400.0,0.0,nfp,,0.0,
1998-07-01,126211,135.0,135.0,230.0,230.0,0.0,nfp,,0.0,
1998-08-01,126546,335.0,335.0,135.0,135.0,0.0,nfp,,0.0,
1998-09-01,126744,198.0,198.0,335.0,335.0,0.0,nfp,,0.0,
1998-10-01,126948,204.0,204.0,198.0,198.0,0.0,nfp,,0.0,
1998-11-01,127223,275.0,275.0,204.0,204.0,0.0,nfp,,0.0,
1998-12-01,127595,372.0,372.0,275.0,275.0,0.0,nfp,,0.0,
1999-01-01,127699,104.0,104.0,372.0,372.0,0.0,nfp,,0.0,
1999-02-01,128118,419.0,419.0,104.0,104.0,0.0,nfp,,0.0,
1999-03-01,128234,116.0,116.0,419.0,419.0,0.0,nfp,,0.0,
1999-04-01,128596,362.0,362.0,116.0,116.0,0.0,nfp,,0.0,
1999-05-01,128813,217.0,217.0,362.0,362.0,0.0,nfp,,0.0,
1999-06-01,129084,271.0,271.0,217.0,217.0,0.0,nfp,,0.0,
1999-07-01,129421,337.0,337.0,271.0,271.0,0.0,nfp,,0.0,
1999-08-01,129572,151.0,151.0,337.0,337.0,0.0,nfp,,0.0,
1999-09-01,129772,200.0,200.0,151.0,151.0,0.0,nfp,,0.0,
1999-10-01,130178,406.0,406.0,200.0,200.0,0.0,nfp,,0.0,
1999-11-01,130467,289.0,289.0,406.0,406.0,0.0,nfp,,0.0,
1999-12-01,130783,316.0,316.0,289.0,289.0,0.0,nfp,,0.0,
2000-01-01,131011,228.0,228.0,316.0,316.0,0.0,nfp,,0.0,
2000-02-01,131121,110.0,110.0,228.0,228.0,0.0,nfp,,0.0,
2000-03-01,131604,483.0,483.0,110.0,110.0,0.0,nfp,,0.0,
2000-04-01,131883,279.0,279.0,483.0,483.0,0.0,nfp,,0.0,
2000-05-01,132105,222.0,222.0,279.0,279.0,0.0,nfp,,0.0,
2000-06-01,132062,-43.0,-43.0,222.0,222.0,0.0,nfp,,0.0,
2000-07-01,132228,166.0,166.0,-43.0,-43.0,0.0,nfp,,0.0,
2000-08-01,132234,6.0,6.0,166.0,166.0,0.0,nfp,,0.0,
2000-09-01,132338,104.0,104.0,6.0,6.0,0.0,nfp,,0.0,
2000-10-01,132352,14.0,14.0,104.0,104.0,0.0,nfp,,0.0,
2000-11-01,132556,204.0,204.0,14.0,14.0,0.0,nfp,,0.0,
2000-12-01,132716,160.0,160.0,204.0,204.0,0.0,nfp,,0.0,
2001-01-01,132703,-13.0,-13.0,160.0,160.0,0.0,nfp,,0.0,
2001-02-01,132788,85.0,85.0,-13.0,-13.0,0.0,nfp,,0.0,
2001-03-01,132751,-37.0,-37.0,85.0,85.0,0.0,nfp,,0.0,
2001-04-01,132457,-294.0,-294.0,-37.0,-37.0,0.0,nfp,,0.0,
2001-05-01,132409,-48.0,-48.0,-294.0,-294.0,0.0,nfp,,0.0,
2001-06-01,132299,-110.0,-110.0,-48.0,-48.0,0.0,nfp,,0.0,
2001-07-01,132171,-128.0,-128.0,-110.0,-110.0,0.0,nfp,,0.0,
2001-08-01,132021,-150.0,-150.0,-128.0,-128.0,0.0,nfp,,0.0,
2001-09-01,131763,-258.0,-258.0,-150.0,-150.0,0.0,nfp,,0.0,
2001-10-01,131452,-311.0,-311.0,-258.0,-258.0,0.0,nfp,,0.0,
2001-11-01,131144,-308.0,-308.0,-311.0,-311.0,0.0,nfp,,0.0,
2001-12-01,130983,-161.0,-161.0,-308.0,-308.0,0.0,nfp,,0.0,
2002-01-01,130859,-124.0,-124.0,-161.0,-161.0,0.0,nfp,,0.0,
2002-02-01,130736,-123.0,-123.0,-124.0,-124.0,0.0,nfp,,0.0,
2002-03-01,130722,-14.0,-14.0,-123.0,-123.0,0.0,nfp,,0.0,
2002-04-01,130615,-107.0,-107.0,-14.0,-14.0,0.0,nfp,,0.0,
2002-05-01,130632,17.0,17.0,-107.0,-107.0,0.0,nfp,,0.0,
2002-06-01,130673,41.0,41.0,17.0,17.0,0.0,nfp,,0.0,
2002-07-01,130583,-90.0,-90.0,41.0,41.0,0.0,nfp,,0.0,
2002-08-01,130582,-1.0,-1.0,-90.0,-90.0,0.0,nfp,,0.0,
2002-09-01,130503,-79.0,-79.0,-1.0,-1.0,0.0,nfp,,0.0,
2002-10-01,130617,114.0,114.0,-79.0,-79.0,0.0,nfp,,0.0,
2002-11-01,130616,-1.0,-1.0,114.0,114.0,0.0,nfp,,0.0,
2002-12-01,130465,-151.0,-151.0,-1.0,-1.0,0.0,nfp,,0.0,
2003-01-01,130573,108.0,108.0,-151.0,-151.0,0.0,nfp,,0.0,
2003-02-01,130441,-132.0,-132.0,108.0,108.0,0.0,nfp,,0.0,
2003-03-01,130235,-206.0,-206.0,-132.0,-132.0,0.0,nfp,,0.0,
2003-04-01,130172,-63.0,-63.0,-206.0,-206.0,0.0,nfp,,0.0,
2003-05-01,130196,24.0,24.0,-63.0,-63.0,0.0,nfp,,0.0,
2003-06-01,130185,-11.0,-11.0,24.0,24.0,0.0,nfp,,0.0,
2003-07-01,130184,-1.0,-1.0,-11.0,-11.0,0.0,nfp,,0.0,
2003-08-01,130153,-31.0,-31.0,-1.0,-1.0,0.0,nfp,,0.0,
2003-09-01,130253,100.0,100.0,-31.0,-31.0,0.0,nfp,,0.0,
2003-10-01,130440,187.0,187.0,100.0,100.0,0.0,nfp,,0.0,
2003-11-01,130481,41.0,41.0,187.0,187.0,0.0,nfp,,0.0,
2003-12-01,130589,108.0,108.0,41.0,41.0,0.0,nfp,,0.0,
2004-01-01,130756,167.0,167.0,108.0,108.0,0.0,nfp,,0.0,
2004-02-01,130820,64.0,64.0,167.0,167.0,0.0,nfp,,0.0,
2004-03-01,131139,319.0,319.0,64.0,64.0,0.0,nfp,,0.0,
2004-04-01,131412,273.0,273.0,319.0,319.0,0.0,nfp,,0.0,
2004-05-01,131697,285.0,285.0,273.0,273.0,0.0,nfp,,0.0,
2004-06-01,131794,97.0,97.0,285.0,285.0,0.0,nfp,,0.0,
2004-07-01,131853,59.0,59.0,97.0,97.0,0.0,nfp,,0.0,
2004-08-01,131940,87.0,87.0,59.0,59.0,0.0,nfp,,0.0,
2004-09-01,132091,151.0,151.0,87.0,87.0,0.0,nfp,,0.0,
2004-10-01,132431,340.0,340.0,151.0,151.0,0.0,nfp,,0.0,
2004-11-01,132504,73.0,73.0,340.0,340.0,0.0,nfp,,0.0,
2004-12-01,132629,125.0,125.0,73.0,73.0,0.0,nfp,,0.0,
2005-01-01,132781,152.0,152.0,125.0,125.0,0.0,nfp,,0.0,
2005-02-01,133033,252.0,252.0,152.0,152.0,0.0,nfp,,0.0,
2005-03-01,133152,119.0,119.0,252.0,252.0,0.0,nfp,,0.0,
2005-04-01,133519,367.0,367.0,119.0,119.0,0.0,nfp,,0.0,
2005-05-01,133689,170.0,170.0,367.0,367.0,0.0,nfp,,0.0,
2005-06-01,133947,258.0,258.0,170.0,170.0,0.0,nfp,,0.0,
2005-07-01,134300,353.0,353.0,258.0,258.0,0.0,nfp,,0.0,
2005-08-01,134503,203.0,203.0,353.0,353.0,0.0,nfp,,0.0,
2005-09-01,134554,51.0,51.0,203.0,203.0,0.0,nfp,,0.0,
2005-10-01,134643,89.0,89.0,51.0,51.0,0.0,nfp,,0.0,
2005-11-01,134999,356.0,356.0,89.0,89.0,0.0,nfp,,0.0,
2005-12-01,135158,159.0,159.0,356.0,356.0,0.0,nfp,,0.0,
2006-01-01,135426,268.0,268.0,159.0,159.0,0.0,nfp,,0.0,
2006-02-01,135731,305.0,305.0,268.0,268.0,0.0,nfp,,0.0,
2006-03-01,136036,305.0,305.0,305.0,305.0,0.0,nfp,,0.0,
2006-04-01,136208,172.0,172.0,305.0,305.0,0.0,nfp,,0.0,
2006-05-01,136249,41.0,41.0,172.0,172.0,0.0,nfp,,0.0,
2006-06-01,136335,86.0,86.0,41.0,41.0,0.0,nfp,,0.0,
2006-07-01,136529,194.0,194.0,86.0,86.0,0.0,nfp,,0.0,
2006-08-01,136693,164.0,164.0,194.0,194.0,0.0,nfp,,0.0,
2006-09-01,136829,136.0,136.0,164.0,164.0,0.0,nfp,,0.0,
2006-10-01,136846,17.0,17.0,136.0,136.0,0.0,nfp,,0.0,
2006-11-01,137061,215.0,215.0,17.0,17.0,0.0,nfp,,0.0,
2006-12-01,137249,188.0,188.0,215.0,215.0,0.0,nfp,,0.0,
2007-01-01,137472,223.0,223.0,188.0,188.0,0.0,nfp,,0.0,
2007-02-01,137558,86.0,86.0,223.0,223.0,0.0,nfp,,0.0,
2007-03-01,137782,224.0,224.0,86.0,86.0,0.0,nfp,,0.0,
2007-04-01,137845,63.0,63.0,224.0,224.0,0.0,nfp,,0.0,
2007-05-01,137993,148.0,148.0,63.0,63.0,0.0,nfp,,0.0,
2007-06-01,138069,76.0,76.0,148.0,148.0,0.0,nfp,,0.0,
2007-07-01,138044,-25.0,-25.0,76.0,76.0,0.0,nfp,,0.0,
2007-08-01,138013,-31.0,-31.0,-25.0,-25.0,0.0,nfp,,0.0,
2007-09-01,138101,88.0,88.0,-31.0,-31.0,0.0,nfp,,0.0,
2007-10-01,138177,76.0,76.0,88.0,88.0,0.0,nfp,,0.0,
2007-11-01,138291,114.0,114.0,76.0,76.0,0.0,nfp,,0.0,
2007-12-01,138395,104.0,104.0,114.0,114.0,0.0,nfp,,0.0,
2008-01-01,138391,-4.0,-4.0,104.0,104.0,0.0,nfp,,0.0,
2008-02-01,138327,-64.0,-64.0,-4.0,-4.0,0.0,nfp,,0.0,
2008-03-01,138257,-70.0,-70.0,-64.0,-64.0,0.0,nfp,,0.0,
2008-04-01,138038,-219.0,-219.0,-70.0,-70.0,0.0,nfp,,0.0,
2008-05-01,137851,-187.0,-187.0,-219.0,-219.0,0.0,nfp,,0.0,
2008-06-01,137698,-153.0,-153.0,-187.0,-187.0,0.0,nfp,,0.0,
2008-07-01,137498,-200.0,-200.0,-153.0,-153.0,0.0,nfp,,0.0,
2008-08-01,137211,-287.0,-287.0,-200.0,-200.0,0.0,nfp,,0.0,
2008-09-01,136762,-449.0,-449.0,-287.0,-287.0,0.0,nfp,,0.0,
2008-10-01,136293,-469.0,-469.0,-449.0,-449.0,0.0,nfp,,0.0,
2008-11-01,135543,-750.0,-750.0,-469.0,-469.0,0.0,nfp,,0.0,
2008-12-01,134847,-696.0,-696.0,-750.0,-750.0,0.0,nfp,,0.0,
2009-01-01,134078,-769.0,-769.0,-696.0,-696.0,0.0,nfp,,0.0,
2009-02-01,133317,-761.0,-761.0,-769.0,-769.0,0.0,nfp,,0.0,
2009-03-01,132492,-825.0,-825.0,-761.0,-761.0,0.0,nfp,,0.0,
2009-04-01,131821,-671.0,-671.0,-825.0,-825.0,0.0,nfp,,0.0,
2009-05-01,131468,-353.0,-353.0,-671.0,-671.0,0.0,nfp,,0.0,
2009-06-01,131007,-461.0,-461.0,-353.0,-353.0,0.0,nfp,,0.0,
2009-07-01,130662,-345.0,-345.0,-461.0,-461.0,0.0,nfp,,0.0,
2009-08-01,130472,-190.0,-190.0,-345.0,-345.0,0.0,nfp,,0.0,
2009-09-01,130247,-225.0,-225.0,-190.0,-190.0,0.0,nfp,,0.0,
2009-10-01,130062,-185.0,-185.0,-225.0,-225.0,0.0,nfp,,0.0,
2009-11-01,130058,-4.0,-4.0,-185.0,-185.0,0.0,nfp,,0.0,
2009-12-01,129808,-250.0,-250.0,-4.0,-4.0,0.0,nfp,,0.0,
2010-01-01,129802,-6.0,-6.0,-250.0,-250.0,0.0,nfp,,0.0,
2010-02-01,129705,-97.0,-97.0,-6.0,-6.0,0.0,nfp,,0.0,
2010-03-01,129865,160.0,160.0,-97.0,-97.0,0.0,nfp,,0.0,
2010-04-01,130120,255.0,255.0,160.0,160.0,0.0,nfp,,0.0,
2010-05-01,130643,523.0,523.0,255.0,255.0,0.0,nfp,,0.0,
2010-06-01,130509,-134.0,-134.0,523.0,523.0,0.0,nfp,,0.0,
2010-07-01,130415,-94.0,-94.0,-134.0,-134.0,0.0,nfp,,0.0,
2010-08-01,130416,1.0,1.0,-94.0,-94.0,0.0,nfp,,0.0,
2010-09-01,130342,-74.0,-74.0,1.0,1.0,0.0,nfp,,0.0,
2010-10-01,130621,279.0,279.0,-74.0,-74.0,0.0,nfp,,0.0,
2010-11-01,130749,128.0,128.0,279.0,279.0,0.0,nfp,,0.0,
2010-12-01,130830,81.0,81.0,128.0,128.0,0.0,nfp,,0.0,
2011-01-01,130837,7.0,7.0,81.0,81.0,0.0,nfp,,0.0,
2011-02-01,131056,219.0,219.0,7.0,7.0,0.0,nfp,,0.0,
2011-03-01,131282,226.0,226.0,219.0,219.0,0.0,nfp,,0.0,
2011-04-01,131597,315.0,315.0,226.0,226.0,0.0,nfp,,0.0,
2011-05-01,131704,107.0,107.0,315.0,315.0,0.0,nfp,,0.0,
2011-06-01,131931,227.0,227.0,107.0,107.0,0.0,nfp,,0.0,
2011-07-01,131993,62.0,62.0,227.0,227.0,0.0,nfp,,0.0,
2011-08-01,132125,132.0,132.0,62.0,62.0,0.0,nfp,,0.0,
2011-09-01,132344,219.0,219.0,132.0,132.0,0.0,nfp,,0.0,
2011-10-01,132553,209.0,209.0,219.0,219.0,0.0,nfp,,0.0,
2011-11-01,132690,137.0,137.0,209.0,209.0,0.0,nfp,,0.0,
2011-12-01,132888,198.0,198.0,137.0,137.0,0.0,nfp,,0.0,
2012-01-01,133245,357.0,357.0,198.0,198.0,0.0,nfp,,0.0,
2012-02-01,133508,263.0,263.0,357.0,357.0,0.0,nfp,,0.0,
2012-03-01,133748,240.0,240.0,263.0,263.0,0.0,nfp,,0.0,
2012-04-01,133825,77.0,77.0,240.0,240.0,0.0,nfp,,0.0,
2012-05-01,133933,108.0,108.0,77.0,77.0,0.0,nfp,,0.0,
2012-06-01,134012,79.0,79.0,108.0,108.0,0.0,nfp,,0.0,
2012-07-01,134157,145.0,145.0,79.0,79.0,0.0,nfp,,0.0,
2012-08-01,134338,181.0,181.0,145.0,145.0,0.0,nfp,,0.0,
2012-09-01,134517,179.0,179.0,181.0,181.0,0.0,nfp,,0.0,
2012-10-01,134668,151.0,151.0,179.0,179.0,0.0,nfp,,0.0,
2012-11-01,134825,157.0,157.0,151.0,151.0,0.0,nfp,,0.0,
2012-12-01,135074,249.0,249.0,157.0,157.0,0.0,nfp,,0.0,
2013-01-01,135257,183.0,183.0,249.0,249.0,0.0,nfp,,0.0,
2013-02-01,135545,288.0,288.0,183.0,183.0,0.0,nfp,,0.0,
2013-03-01,135689,144.0,144.0,288.0,288.0,0.0,nfp,,0.0,
2013-04-01,135873,184.0,184.0,144.0,144.0,0.0,nfp,,0.0,
2013-05-01,136095,222.0,222.0,184.0,184.0,0.0,nfp,,0.0,
2013-06-01,136279,184.0,184.0,222.0,222.0,0.0,nfp,,0.0,
2013-07-01,136391,112.0,112.0,184.0,184.0,0.0,nfp,,0.0,
2013-08-01,136646,255.0,255.0,112.0,112.0,0.0,nfp,,0.0,
2013-09-01,136821,175.0,175.0,255.0,255.0,0.0,nfp,,0.0,
2013-10-01,137041,220.0,220.0,175.0,175.0,0.0,nfp,,0.0,
2013-11-01,137316,275.0,275.0,220.0,220.0,0.0,nfp,,0.0,
2013-12-01,137373,57.0,57.0,275.0,275.0,0.0,nfp,,0.0,
2014-01-01,137561,188.0,188.0,57.0,57.0,0.0,nfp,,0.0,
2014-02-01,137712,151.0,151.0,188.0,188.0,0.0,nfp,,0.0,
2014-03-01,137985,273.0,273.0,151.0,151.0,0.0,nfp,,0.0,
2014-04-01,138297,312.0,312.0,273.0,273.0,0.0,nfp,,0.0,
2014-05-01,138512,215.0,215.0,312.0,312.0,0.0,nfp,,0.0,
2014-06-01,138849,337.0,337.0,215.0,215.0,0.0,nfp,,0.0,
2014-07-01,139073,224.0,224.0,337.0,337.0,0.0,nfp,,0.0,
2014-08-01,139269,196.0,196.0,224.0,224.0,0.0,nfp,,0.0,
2014-09-01,139563,294.0,294.0,196.0,196.0,0.0,nfp,,0.0,
2014-10-01,139797,234.0,234.0,294.0,294.0,0.0,nfp,,0.0,
2014-11-01,140090,293.0,293.0,234.0,234.0,0.0,nfp,,0.0,
2014-12-01,140364,274.0,274.0,293.0,293.0,0.0,nfp,,0.0,
2015-01-01,140568,204.0,204.0,274.0,274.0,0.0,nfp,,0.0,
2015-02-01,140827,259.0,259.0,204.0,204.0,0.0,nfp,,0.0,
2015-03-01,140923,96.0,96.0,259.0,259.0,0.0,nfp,,0.0,
2015-04-01,141196,273.0,273.0,96.0,96.0,0.0,nfp,,0.0,
2015-05-01,141538,342.0,342.0,273.0,273.0,0.0,nfp,,0.0,
2015-06-01,141709,171.0,171.0,342.0,342.0,0.0,nfp,,0.0,
2015-07-01,141991,282.0,282.0,171.0,171.0,0.0,nfp,,0.0,
2015-08-01,142125,134.0,134.0,282.0,282.0,0.0,nfp,,0.0,
2015-09-01,142275,150.0,150.0,134.0,134.0,0.0,nfp,,0.0,
2015-10-01,142579,304.0,304.0,150.0,150.0,0.0,nfp,,0.0,
2015-11-01,142808,229.0,229.0,304.0,304.0,0.0,nfp,,0.0,
2015-12-01,143077,269.0,269.0,229.0,229.0,0.0,nfp,,0.0,
2016-01-01,143210,133.0,133.0,269.0,269.0,0.0,nfp,,0.0,
2016-02-01,143407,197.0,197.0,133.0,133.0,0.0,nfp,,0.0,
2016-03-01,143662,255.0,255.0,197.0,197.0,0.0,nfp,,0.0,
2016-04-01,143855,193.0,193.0,255.0,255.0,0.0,nfp,,0.0,
2016-05-01,143900,45.0,45.0,193.0,193.0,0.0,nfp,,0.0,
2016-06-01,144146,246.0,246.0,45.0,45.0,0.0,nfp,,0.0,
2016-07-01,144520,374.0,374.0,246.0,246.0,0.0,nfp,,0.0,
2016-08-01,144662,142.0,142.0,374.0,374.0,0.0,nfp,,0.0,
2016-09-01,144967,305.0,305.0,142.0,142.0,0.0,nfp,,0.0,
2016-10-01,145066,99.0,99.0,305.0,305.0,0.0,nfp,,0.0,
2016-11-01,145183,117.0,117.0,99.0,99.0,0.0,nfp,,0.0,
2016-12-01,145408,225.0,225.0,117.0,117.0,0.0,nfp,,0.0,
2017-01-01,145628,220.0,220.0,225.0,225.0,0.0,nfp,,0.0,
2017-02-01,145848,220.0,220.0,220.0,220.0,0.0,nfp,,0.0,
2017-03-01,145969,121.0,121.0,220.0,220.0,0.0,nfp,,0.0,
2017-04-01,146174,205.0,205.0,121.0,121.0,0.0,nfp,,0.0,
2017-05-01,146380,206.0,206.0,205.0,205.0,0.0,nfp,,0.0,
2017-06-01,146583,203.0,203.0,206.0,206.0,0.0,nfp,,0.0,
2017-07-01,146772,189.0,189.0,203.0,203.0,0.0,nfp,,0.0,
2017-08-01,146919,147.0,147.0,189.0,189.0,0.0,nfp,,0.0,
2017-09-01,147007,88.0,88.0,147.0,147.0,0.0,nfp,,0.0,
2017-10-01,147150,143.0,143.0,88.0,88.0,0.0,nfp,,0.0,
2017-11-01,147373,223.0,223.0,143.0,143.0,0.0,nfp,,0.0,
2017-12-01,147523,150.0,150.0,223.0,223.0,0.0,nfp,,0.0,
2018-01-01,147660,137.0,137.0,150.0,150.0,0.0,nfp,,0.0,
2018-02-01,148054,394.0,394.0,137.0,137.0,0.0,nfp,,0.0,
2018-03-01,148280,226.0,226.0,394.0,394.0,0.0,nfp,,0.0,
2018-04-01,148422,142.0,142.0,226.0,226.0,0.0,nfp,,0.0,
2018-05-01,148740,318.0,318.0,142.0,142.0,0.0,nfp,,0.0,
2018-06-01,148959,219.0,219.0,318.0,318.0,0.0,nfp,,0.0,
2018-07-01,149020,61.0,61.0,219.0,219.0,0.0,nfp,,0.0,
2018-08-01,149279,259.0,259.0,61.0,61.0,0.0,nfp,,0.0,
2018-09-01,149358,79.0,79.0,259.0,259.0,0.0,nfp,,0.0,
2018-10-01,149526,168.0,168.0,79.0,79.0,0.0,nfp,,0.0,
2018-11-01,149617,91.0,91.0,168.0,168.0,0.0,nfp,,0.0,
2018-12-01,149809,192.0,192.0,91.0,91.0,0.0,nfp,,0.0,
2019-01-01,150059,250.0,250.0,192.0,192.0,0.0,nfp,,0.0,
2019-02-01,150065,6.0,6.0,250.0,250.0,0.0,nfp,,0.0,
2019-03-01,150295,230.0,230.0,6.0,6.0,0.0,nfp,,0.0,
2019-04-01,150593,298.0,298.0,230.0,230.0,0.0,nfp,,0.0,
2019-05-01,150621,28.0,28.0,298.0,298.0,0.0,nfp,,0.0,
2019-06-01,150839,218.0,218.0,28.0,28.0,0.0,nfp,,0.0,
2019-07-01,150936,97.0,97.0,218.0,218.0,0.0,nfp,,0.0,
2019-08-01,151171,235.0,235.0,97.0,97.0,0.0,nfp,,0.0,
2019-09-01,151365,194.0,194.0,235.0,235.0,0.0,nfp,,0.0,
2019-10-01,151460,95.0,95.0,194.0,194.0,0.0,nfp,,0.0,
2019-11-01,151668,208.0,208.0,95.0,95.0,0.0,nfp,,0.0,
2019-12-01,151795,127.0,127.0,208.0,208.0,0.0,nfp,,0.0,
2020-01-01,152031,236.0,236.0,127.0,127.0,0.0,nfp,,0.0,
2020-02-01,152292,261.0,261.0,236.0,236.0,0.0,nfp,,0.0,
2020-03-01,150895,-1397.0,-1397.0,261.0,261.0,0.0,nfp,,0.0,
2020-04-01,130424,-20471.0,-20471.0,-1397.0,-1397.0,0.0,nfp,,0.0,
2020-05-01,133040,2616.0,2616.0,-20471.0,-20471.0,0.0,nfp,,0.0,
2020-06-01,137671,4631.0,4631.0,2616.0,2616.0,0.0,nfp,,0.0,
2020-07-01,139255,1584.0,1584.0,4631.0,4631.0,0.0,nfp,,0.0,
2020-08-01,140819,1564.0,1564.0,1584.0,1584.0,0.0,nfp,,0.0,
2020-09-01,141770,951.0,951.0,1564.0,1564.0,0.0,nfp,,0.0,
2020-10-01,142461,691.0,691.0,951.0,951.0,0.0,nfp,,0.0,
2020-11-01,142731,270.0,270.0,691.0,691.0,0.0,nfp,,0.0,
2020-12-01,142548,-183.0,-183.0,270.0,270.0,0.0,nfp,,0.0,
2021-01-01,142913,365.0,365.0,-183.0,-183.0,0.0,nfp,,0.0,
2021-02-01,143422,509.0,509.0,365.0,365.0,0.0,nfp,,0.0,
2021-03-01,144246,824.0,824.0,509.0,509.0,0.0,nfp,,0.0,
2021-04-01,144611,365.0,365.0,824.0,824.0,0.0,nfp,,0.0,
2021-05-01,145032,421.0,421.0,365.0,365.0,0.0,nfp,,0.0,
2021-06-01,145828,796.0,796.0,421.0,421.0,0.0,nfp,,0.0,
2021-07-01,146759,931.0,931.0,796.0,796.0,0.0,nfp,,0.0,
2021-08-01,147246,487.0,487.0,931.0,931.0,0.0,nfp,,0.0,
2021-09-01,147712,466.0,466.0,487.0,487.0,0.0,nfp,,0.0,
2021-10-01,148569,857.0,857.0,466.0,466.0,0.0,nfp,,0.0,
2021-11-01,149206,637.0,637.0,857.0,857.0,0.0,nfp,,0.0,
2021-12-01,149781,575.0,575.0,637.0,637.0,0.0,nfp,,0.0,
2022-01-01,150006,225.0,225.0,575.0,575.0,0.0,nfp,,0.0,
2022-02-01,150875,869.0,869.0,225.0,225.0,0.0,nfp,,0.0,
2022-03-01,151346,471.0,471.0,869.0,869.0,0.0,nfp,,0.0,
2022-04-01,151651,305.0,305.0,471.0,471.0,0.0,nfp,,0.0,
2022-05-01,151892,241.0,241.0,305.0,305.0,0.0,nfp,,0.0,
2022-06-01,152353,461.0,461.0,241.0,241.0,0.0,nfp,,0.0,
2022-07-01,153049,696.0,696.0,461.0,461.0,0.0,nfp,,0.0,
2022-08-01,153286,237.0,237.0,696.0,696.0,0.0,nfp,,0.0,
2022-09-01,153513,227.0,227.0,237.0,237.0,0.0,nfp,,0.0,
2022-10-01,153913,400.0,400.0,227.0,227.0,0.0,nfp,,0.0,
2022-11-01,154210,297.0,297.0,400.0,400.0,0.0,nfp,,0.0,
2022-12-01,154336,126.0,126.0,297.0,297.0,0.0,nfp,,0.0,
2023-01-01,154780,444.0,444.0,126.0,126.0,0.0,nfp,,0.0,
2023-02-01,155086,306.0,306.0,444.0,444.0,0.0,nfp,,0.0,
2023-03-01,155171,85.0,85.0,306.0,306.0,0.0,nfp,,0.0,
2023-04-01,155387,216.0,216.0,85.0,85.0,0.0,nfp,,0.0,
2023-05-01,155614,227.0,227.0,216.0,216.0,0.0,nfp,,0.0,
2023-06-01,155871,257.0,257.0,227.0,227.0,0.0,nfp,,0.0,
2023-07-01,156019,148.0,148.0,257.0,257.0,0.0,nfp,,0.0,
2023-08-01,156176,157.0,157.0,148.0,148.0,0.0,nfp,,0.0,
2023-09-01,156334,158.0,158.0,157.0,157.0,0.0,nfp,,0.0,
2023-10-01,156520,186.0,186.0,158.0,158.0,0.0,nfp,,0.0,
2023-11-01,156661,141.0,141.0,186.0,186.0,0.0,nfp,,0.0,
2023-12-01,156930,269.0,269.0,141.0,141.0,0.0,nfp,,0.0,
2024-01-01,157049,119.0,119.0,269.0,269.0,0.0,nfp,,0.0,
2024-02-01,157271,222.0,222.0,119.0,119.0,0.0,nfp,,0.0,
2024-03-01,157517,246.0,246.0,222.0,222.0,0.0,nfp,,0.0,
2024-04-01,157635,118.0,118.0,246.0,246.0,0.0,nfp,,0.0,
2024-05-01,157828,193.0,193.0,118.0,118.0,0.0,nfp,,0.0,
2024-06-01,157915,87.0,87.0,193.0,193.0,0.0,nfp,,0.0,
2024-07-01,158003,88.0,88.0,87.0,87.0,0.0,nfp,,0.0,
2024-08-01,158074,71.0,71.0,88.0,88.0,0.0,nfp,,0.0,
2024-09-01,158314,240.0,240.0,71.0,71.0,0.0,nfp,,0.0,
2024-10-01,158358,44.0,44.0,240.0,240.0,0.0,nfp,,0.0,
2024-11-01,158619,261.0,261.0,44.0,44.0,0.0,nfp,,0.0,
2024-12-01,158942,323.0,323.0,261.0,261.0,0.0,nfp,,0.0,
2025-01-01,159053,111.0,111.0,323.0,323.0,0.0,nfp,,0.0,
2025-02-01,159155,102.0,102.0,111.0,111.0,0.0,nfp,,0.0,
2025-03-01,159275,120.0,120.0,102.0,102.0,0.0,nfp,,0.0,
2025-04-01,159433,158.0,158.0,120.0,120.0,0.0,nfp,,0.0,
2025-05-01,159452,19.0,19.0,158.0,158.0,0.0,nfp,,0.0,
2025-06-01,159439,-13.0,-13.0,19.0,19.0,0.0,nfp,,0.0,
2025-07-01,159511,72.0,72.0,-13.0,-13.0,0.0,nfp,,0.0,
2025-08-01,159507,-4.0,-4.0,72.0,72.0,0.0,nfp,,0.0,
2025-09-01,159626,119.0,119.0,-4.0,-4.0,0.0,nfp,,0.0,
